[
  {
    "id": 145,
    "name": "Charm at the Steps of the Sacre Coeur/Montmartre",
    "imageUrl": "https://raw.githubusercontent.com/lewagon/flats-boilerplate/master/images/flat1.jpg",
    "price": 164,
    "priceCurrency": "EUR",
    "lat": 48.884211,
    "lng": 2.346890
  },
  {
    "id": 148,
    "name": "Trendy Apt in Buttes Montmartre",
    "imageUrl": "https://raw.githubusercontent.com/lewagon/flats-boilerplate/master/images/flat2.jpg",
    "price": 200,
    "priceCurrency": "EUR",
    "lat": 48.885707,
    "lng": 2.343543
  },
  {
    "id": 201,
    "name": "Super 60m2 in trendy neighborhood!",
    "imageUrl": "https://raw.githubusercontent.com/lewagon/flats-boilerplate/master/images/flat3.jpg",
    "price": 150,
    "priceCurrency": "EUR",
    "lat": 48.885312,
    "lng": 2.341225
  },
  {
    "id": 205,
    "name": "Splendide terrasse vue imprenable",
    "imageUrl": "https://raw.githubusercontent.com/lewagon/flats-boilerplate/master/images/flat4.jpg",
    "price": 115,
    "priceCurrency": "EUR",
    "lat": 48.881840,
    "lng": 2.343371
  },
  {
    "id": 210,
    "name": "Superbe vue à 2 min du Sacré Coeur",
    "imageUrl": "https://raw.githubusercontent.com/lewagon/flats-boilerplate/master/images/flat5.jpg",
    "price": 135,
    "priceCurrency": "EUR",
    "lat": 48.888839,
    "lng": 2.339208
  },
  {
    "id": 211,
    "name": "Bohemian and Chic in Paris",
    "imageUrl": "https://raw.githubusercontent.com/lewagon/flats-boilerplate/master/images/flat6.jpg",
    "price": 90,
    "priceCurrency": "EUR",
    "lat": 48.827855,
    "lng": 2.350774
  }
]
